"","Name","Author"
"1","Harry Potter and the Deathly Hallows (Harry Potter, #7)","J.K. Rowling"
"2","The Name of the Wind (The Kingkiller Chronicle, #1)","Patrick Rothfuss"
"3","The Way of Kings (The Stormlight Archive, #1)","Brandon Sanderson"
"4","The Wise Man's Fear (The Kingkiller Chronicle, #2)","Patrick Rothfuss"
"5","Words of Radiance (The Stormlight Archive, #2)","Brandon Sanderson"
"6","Clockwork Princess (The Infernal Devices, #3)","Cassandra Clare"
"7","A Storm of Swords (A Song of Ice and Fire, #3)","George R.R. Martin"
"8","Harry Potter and the Prisoner of Azkaban (Harry Potter, #3)","J.K. Rowling"
"9","Harry Potter and the Half-Blood Prince (Harry Potter, #6)","J.K. Rowling"
"10","Harry Potter and the Goblet of Fire (Harry Potter, #4)","J.K. Rowling"
"11","A Court of Mist and Fury (A Court of Thorns and Roses, #2)","Sarah J. Maas"
"12","The House of Hades (The Heroes of Olympus, #4)","Rick Riordan"
"13","Queen of Shadows (Throne of Glass, #4)","Sarah J. Maas"
"14","Crooked Kingdom (Six of Crows, #2)","Leigh Bardugo"
"15","The Authoritative Calvin and Hobbes: A Calvin and Hobbes Treasury","Bill Watterson"
"16","The Nightingale","Kristin Hannah"
"17","Calvin and Hobbes (Calvin and Hobbes #1)","Bill Watterson"
"18","Empire of Storms (Throne of Glass, #5)","Sarah J. Maas"
"19","The Return of the King (The Lord of the Rings, #3)","J.R.R. Tolkien"
"20","Collected Fictions","Jorge Luis Borges"
"21","Oathbringer (The Stormlight Archive, #3)","Brandon Sanderson"
"22","A Story of Yesterday","Sergio Cobo"
"23","The Hate U Give (The Hate U Give, #1)","Angie Thomas"
"24","It's a Magical World (Calvin and Hobbes #11)","Bill Watterson"
"25","Holy Bible: New International Version","Anonymous"
"26","Something Under the Bed is Drooling (Calvin and Hobbes #2)","Bill Watterson"
"27","The Days Are Just Packed (Calvin and Hobbes #8)","Bill Watterson"
"28","Saga, Volume 2","Brian K. Vaughan"
"29","The Complete Maus","Art Spiegelman"
"30","The Last Olympian (Percy Jackson and the Olympians, #5)","Rick Riordan"
"31","Acheron (Dark-Hunter, #14)","Sherrilyn Kenyon"
"32","Ahead of All Parting: The Selected Poetry and Prose","Rainer Maria Rilke"
"33","Arcanum Unbounded: The Cosmere Collection","Brandon Sanderson"
"34","Toda Mafalda","Quino"
"35","Peanuts Treasury","Charles M. Schulz"
"36","The Constitution of the United States of America","Founding Fathers"
"37","Just Mercy: A Story of Justice and Redemption","Bryan Stevenson"
"38","Season of Mists (The Sandman, #4)","Neil Gaiman"
"39","Kingdom of Ash (Throne of Glass, #7)","Sarah J. Maas"
"40","The Civil War: A Narrative","Shelby Foote"
"41","The Indispensable Calvin and Hobbes","Bill Watterson"
"42","Standing for Something: 10 Neglected Virtues That Will Heal Our Hearts and Homes","Gordon B. Hinckley"
"43","Brief Lives (The Sandman, #7)","Neil Gaiman"
"44","Autumn Sonata: Selected Poems","Georg Trakl"
"45","Saga, Book One (Saga, #1-3)","Brian K. Vaughan"
"46","The Divan","Hafez"
"47","The Kindly Ones (The Sandman, #9)","Neil Gaiman"
"48","Worm (Parahumans, #1)","Wildbow"
"49","おやすみプンプン コミック 全13巻完結セット","Inio Asano"
"50","Weirdos from Another Planet! (Calvin and Hobbes #4)","Bill Watterson"
"51","Jesus the Christ: A Study of the Messiah and His Mission According to Holy Scriptures, Both Ancient and Modern","James E. Talmage"
"52","Skin Game (The Dresden Files, #15)","Jim Butcher"
"53","Dostoevsky: A Writer in His Time","Joseph Frank"
"54","The Wake (The Sandman, #10)","Neil Gaiman"
"55","The King's Men (All for the Game, #3)","Nora Sakavic"
"56","Letter from the Birmingham Jail","Martin Luther King Jr."
"57","The Life and Times of Scrooge McDuck","Don Rosa"
"58","Fool's Quest  (The Fitz and the Fool, #2)","Robin Hobb"
"59","Harry Potter and the Order of the Phoenix (Harry Potter, #5)","J.K. Rowling"
"60","Pawn in Frankincense (The Lymond Chronicles, #4)","Dorothy Dunnett"
"61","The Ringed Castle (The Lymond Chronicles, #5)","Dorothy Dunnett"
"62","If This Is a Man • The Truce","Primo Levi"
"63","Magic Binds (Kate Daniels, #9)","Ilona Andrews"
"64","Checkmate (The Lymond Chronicles, #6)","Dorothy Dunnett"
"65","Death and the Dervish","Meša Selimović"
"66","The Red Tree","Shaun Tan"
"67","A Voice in the Wind (Mark of the Lion, #1)","Francine Rivers"
"68","Percepliquis (The Riyria Revelations, #6)","Michael J. Sullivan"
"69","Know My Name","Chanel Miller"
"70","The Battlefield Where the Moon Says I Love You","Frank Stanford"
"71","Tutunamayanlar","Oğuz Atay"
"72","Shahnameh: The Persian Book of Kings","Abolqasem Ferdowsi"
"73","The Winter of the Witch (The Winternight Trilogy, #3)","Katherine Arden"
"74","The Beatles Complete Chord Songbook","Rickky Rooksby"
"75","Century of the Wind (Memory of Fire, #3)","Eduardo Galeano"
"76","The Disorderly Knights (The Lymond Chronicles, #3)","Dorothy Dunnett"
"77","பொன்னியின் செல்வன்","Kalki"
"78","Nutuk","Mustafa Kemal Atatürk"
"79","Fearless: The Heroic Story of One Navy SEAL's Sacrifice in the Hunt for Osama Bin Laden and the Unwavering Devotion of the Woman Who Loved Him","Eric Blehm"
"80","Transmetropolitan, Vol. 10: One More Time","Warren Ellis"
"81","Assassin's Fate (The Fitz and the Fool, #3)","Robin Hobb"
"82","Special Forces: Soldiers Part I -Director's Cut","Aleksandr Voinov"
"83","Rhythm of War (The Stormlight Archive, #4)","Brandon Sanderson"
"84","The Road Home (Echo Company, #5)","Ellen Emerson White"
"85","The Sun Does Shine: How I Found Life and Freedom on Death Row","Anthony Ray Hinton"
"86","The Feynman Lectures on Physics","Richard P. Feynman"
"87","NOT A BOOK","NOT A BOOK"
"88","Homicidal Psycho Jungle Cat (Calvin and Hobbes #9)","Bill Watterson"
"89","The Only Plane in the Sky: An Oral History of 9/11","Garrett M. Graff"
"90","An Echo in the Darkness (Mark of the Lion, #2)","Francine Rivers"
"91","A Life on Our Planet: My Witness Statement and a Vision for the Future","David Attenborough"
"92","The Calvin and Hobbes Tenth Anniversary Book","Bill Watterson"
"93","The Darkest Hour (Warriors, #6)","Erin Hunter"
"94","The Absolute Sandman (Volume 1)","Neil Gaiman"
"95","The Bloom County Library, Vol. 3: 1984-1986","Berkeley Breathed"
"96","Last Stand of Dead Men (Skulduggery Pleasant, #8)","Derek Landy"
"97","The Complete Poetry","César Vallejo"
"98","Love and Rockets, Vol. 7: The Death of Speedy","Jaime Hernández"
"99","Of Witches and Wind (The Ever Afters, #2)","Shelby Bach"
"100","New and Selected Poems, Volume One","Mary Oliver"
